,title,link,text
0,Personal meeting ID (PMI) and personal link - Zoom Help Center,https://support.zoom.us/hc/en-us/articles/201362843-Personal-meeting-ID-PMI-and-personal-link,
1,Scheduling meetings - Zoom Help Center,https://support.zoom.us/hc/en-us/articles/201362413-Scheduling-meetings,"Click the relevant embedded links for more information. ... iCal: Open iCal and create an event for the meeting.
३ दिन पहिले · Zoom द्वारा अपलोड गरिएको"
2,Creating and Sharing a Zoom Link - CTE Resources,http://cteresources.bc.edu/documentation/zoom/creating-and-sharing-a-zoom-link/,Creating and Sharing a Zoom Link · 1. Click on “Meetings” in your Zoom app · 2. Hit the + symbol to schedule a new meeting. · 3. Give your meeting a name [1] and ...
3,How to create and send Zoom link - Nerds Chalk,https://nerdschalk.com/how-to-create-and-send-zoom-meeting-link/,"२०२० मे १९ — If you are using the Zoom desktop app, the easiest way to create a Zoom Meeting link is to go to click on the 'Meeting' tab at the top, and ..."
4,Zoom - Host a Meeting and Invite Participants - | Office of ...,https://oit.colorado.edu/tutorial/zoom-host-meeting-and-invite-participants,"To learn how to host a screen-sharing or video conference from within the Zoom.us application, follow the instructions below. *Note: If you have not yet ..."
5,How to create a Zoom Meeting for a Class,http://web5.lib.pacificu.edu/zoom/how-to-create-a-zoom-meeting/,"Once you have this meeting set up, you can post the link to it in Moodle so your students can access it at any time. To create a permanent meeting in Zoom, ..."
6,How to Send a Zoom Invite to Set up Group Meetings,https://www.businessinsider.com/how-to-send-a-zoom-invite,"२०२० नोभेम्बर १७ — 5. Tap ""Add Invitees."" This will open a pop-up menu where you can choose to send the invitation link via email or message. You can ..."
7,Video Conferencing at JIS: Creating a Permanent Zoom Link,https://jisedu.libguides.com/videoconferencing/personalzoom,"२०२१ अगस्ट १३ — Starting Your New Personal Meeting ... 1. Paste your personal link into a browser (Chrome, etc...), login into Zoom if needed, enjoy your meeting."
8,How do I join a Zoom meeting?: Ask USQ Current Students,https://usqassist.custhelp.com/app/answers/detail/a_id/4456/~/how-do-i-join-a-zoom-meeting%3F,With the Zoom app on your desktop; Through a link via your email invitation; From the Zoom website; Or via telephone dial-in.
